grid,type,estimate,se
384,intercept,-2.0085541988911917,0.4281442523359684
385,intercept,-2.0059344739943423,0.4090595865210129
526,intercept,-1.8718449338796157,0.13686560005480866
527,intercept,-2.228996876751438,0.13702363673029885
528,intercept,-1.446773189007714,0.22450723925430044
529,intercept,-1.6435494643869482,0.21898206738124054
533,intercept,-1.7795064653851491,0.4014928959178662
574,intercept,-1.230166707520575,0.26961955090486944
598,intercept,-1.5446388226694547,0.12951345246304474
599,intercept,-1.7442948333212698,0.14253728788037565
646,intercept,-1.1873609509555445,0.19384055238697
647,intercept,-1.1106002091409248,0.20057777038075678
649,intercept,-1.0092515377812763,0.2306557724147054
670,intercept,-2.344952654795834,0.11001424931101417
671,intercept,-1.9349112783693194,0.10954626881071394
672,intercept,-1.925185491867074,0.11472328229718909
713,intercept,-1.218366529782438,0.1633662192151852
714,intercept,-1.6187423524370739,0.13234843698197693
718,intercept,-0.9808031090772463,0.2046012675066102
719,intercept,-1.362352873994034,0.18526311035401244
720,intercept,-1.104117667381725,0.20668685406812579
742,intercept,-2.052075451946383,0.10509836934099957
743,intercept,-1.6706530022558665,0.10019214100234691
744,intercept,-1.6379763722897258,0.10126950061556303
745,intercept,-2.06549177362838,0.09636604008018472
780,intercept,-1.4920309816110986,0.1649415843460344
784,intercept,-1.8061671161000574,0.10482122212258588
785,intercept,-2.0459433007317327,0.08971472867240578
786,intercept,-2.2122325262814106,0.09228591041074605
787,intercept,-1.9181085840057601,0.10832356988454833
791,intercept,-1.224081439366289,0.19542346705161595
792,intercept,-0.947276398527266,0.18820625267561564
814,intercept,-1.8215973983356712,0.12293442770188244
815,intercept,-1.7228794456733563,0.08379909970268822
816,intercept,-1.8157785628681156,0.07886295127763548
817,intercept,-2.2121628951082677,0.08475732417700942
818,intercept,-1.9655671998589932,0.08417004574213235
832,intercept,-2.0769487513211504,0.09246981722940419
833,intercept,-1.8936302206185474,0.08574458196954102
834,intercept,-1.9916185268772721,0.08521508629763491
852,intercept,-1.8004601115837264,0.11719990770698757
853,intercept,-1.6710576721562773,0.12022917136718778
854,intercept,-1.142487942099904,0.14887706379981266
855,intercept,-1.5331601646515893,0.13945457719577764
856,intercept,-1.7443475830824546,0.09652570235823517
857,intercept,-1.823538154445795,0.09913867205912125
858,intercept,-1.7566462977918964,0.0932111393381501
859,intercept,-1.9230974768235003,0.0913549716829236
860,intercept,-1.6024004651622252,0.2631165885098959
863,intercept,-1.3792758175901554,0.21741102347715255
879,intercept,-1.49247823619587,0.3387427859298079
886,intercept,-1.58191326809987,0.1248860693872911
887,intercept,-2.0098217855398834,0.0750710389512172
888,intercept,-1.6027318221126916,0.08132749013160982
889,intercept,-2.14307780851418,0.07210455234300601
890,intercept,-2.0944466268602553,0.06904615662975425
891,intercept,-2.0664870162869766,0.07093518095421436
905,intercept,-1.479795269197177,0.09963632171230478
906,intercept,-2.2766796955330775,0.07219188192342266
907,intercept,-1.9754891921973228,0.07422716034498814
910,intercept,-1.1067387891937082,0.19642531362246005
923,intercept,-1.6101426990997834,0.12240324352672283
924,intercept,-1.4937367351291773,0.11957727286819594
925,intercept,-1.2948372312620156,0.14938126866033263
926,intercept,-1.200094875595891,0.1925457192454757
927,intercept,-1.5911960886762064,0.1243118490052401
928,intercept,-1.6607252319714192,0.12695371117692783
929,intercept,-1.60978797635893,0.10918632550420376
930,intercept,-1.6396851902308562,0.09921945171144703
931,intercept,-1.9565027212812949,0.0893763394259604
934,intercept,-0.9643126747492677,0.23676999044059122
958,intercept,-2.2217358324632603,0.15253947767034104
959,intercept,-2.045424267338255,0.07807032458327769
960,intercept,-1.8441141930014453,0.07460819967629397
961,intercept,-1.9309668054668916,0.07332376660090623
962,intercept,-1.9476223619441115,0.0720429830466188
963,intercept,-2.2744247807471423,0.06182131043643142
964,intercept,-2.2794121086474637,0.0628320477201539
975,intercept,-2.0337216569294285,0.11915813622869523
976,intercept,-1.688703376548336,0.09433080601178104
978,intercept,-1.8152119794837265,0.07983088567057481
979,intercept,-2.185739588559035,0.07501755077864151
981,intercept,-1.6372239423230937,0.14666965771133217
982,intercept,-1.374163735025142,0.13665073474136386
984,intercept,-0.9488790879035099,0.20323407086651188
995,intercept,-1.5584002762921247,0.12741996979294595
996,intercept,-1.6637272167294892,0.12645467642278352
999,intercept,-1.558779956226173,0.1220067894762797
1000,intercept,-1.5756603884876141,0.11247162472046662
1001,intercept,-1.7230377369788348,0.10441642939912874
1002,intercept,-1.8350085167840662,0.08399293970406749
1003,intercept,-1.9317417216247126,0.1009420078491677
1006,intercept,-0.9046788002591992,0.17715166770560548
1009,intercept,-1.3389592540236626,0.21770159852230045
1010,intercept,-1.5758986549279475,0.31553026982201293
1030,intercept,-2.0401176452051297,0.10254217909991693
1031,intercept,-2.5261992296887312,0.056583865379774036
1032,intercept,-2.1782439759957755,0.06185379372886105
1033,intercept,-2.332870751035889,0.06750717804826364
1034,intercept,-1.5535817437507187,0.09143540230258164
1035,intercept,-1.9465867402066983,0.07629653620589365
1036,intercept,-2.092924720535414,0.06359334413657963
1037,intercept,-1.543553540425505,0.07237096423500616
1047,intercept,-1.362761300524439,0.11766112471543248
1048,intercept,-1.8604716119462918,0.08750470417800915
1049,intercept,-1.834186737345331,0.086918080886763
1050,intercept,-2.0702597090130426,0.07951938946729187
1051,intercept,-1.7430824058404215,0.07564655445427802
1052,intercept,-1.3726011774590001,0.10848319648755089
1054,intercept,-1.5653573098051252,0.1386301619143605
1069,intercept,-1.8280891565963948,0.11648540785031773
1070,intercept,-1.7241598976121226,0.1083694325732426
1071,intercept,-1.5606142091425144,0.10890423614541161
1072,intercept,-1.5989442851847928,0.1032450736020322
1073,intercept,-1.8963170860037164,0.09540452459717044
1074,intercept,-2.066960835234088,0.08745294931496664
1078,intercept,-0.9776394335672396,0.20152258547213012
1080,intercept,-1.4013017393897629,0.19817896250290765
1081,intercept,-1.5386676379136546,0.3154698746160671
1082,intercept,-1.0574243143771165,0.23613412377313028
1101,intercept,-3.1309699578267556,0.05742237413836099
1102,intercept,-2.6493015567487808,0.05119444384962274
1103,intercept,-2.4852969943201697,0.05439457036224943
1105,intercept,-1.7890804816996555,0.08199744854741607
1107,intercept,-2.066423407469897,0.07179289821001587
1108,intercept,-1.752791675833165,0.06841686622459568
1109,intercept,-1.8304603427197994,0.07791945757334141
1122,intercept,-1.5940729351288332,0.10406539984965746
1123,intercept,-1.872437461730763,0.08033608214840143
1126,intercept,-0.9807278773416636,0.16036358290160466
1136,intercept,-1.6666440398110802,0.38978883252913016
1138,intercept,-1.1692244788615347,0.3257551579586146
1141,intercept,-1.655510398488171,0.1353500205349807
1142,intercept,-1.437239297420048,0.1425062247933808
1143,intercept,-1.6981375476007916,0.11063930426109515
1144,intercept,-1.69759071974197,0.1173781779589182
1145,intercept,-1.761333652407038,0.10139930456184004
1149,intercept,-1.094575931179751,0.25582237338439623
1172,intercept,-1.2750711767587952,0.14447220959561957
1173,intercept,-2.6676574572670404,0.049669825237466325
1174,intercept,-1.6168280369858972,0.0795812569809242
1175,intercept,-1.623704962747913,0.08856971352250495
1176,intercept,-1.9106929704902622,0.06735432328467861
1177,intercept,-2.1518459065848194,0.06465185565610757
1178,intercept,-1.7722287182078678,0.07181492415657574
1179,intercept,-1.8193041317043768,0.06984129883487387
1180,intercept,-1.8566024118157347,0.09113615678960356
1181,intercept,-1.8674745748703805,0.07677243152953543
1182,intercept,-1.7714390787475405,0.1084539342065118
1195,intercept,-1.56757351966777,0.09644685243789097
1196,intercept,-2.1727742870983873,0.07326739802409844
1210,intercept,-1.882050733304053,0.10136470783267934
1211,intercept,-1.9219952042571709,0.09968528859285358
1212,intercept,-2.15490656973589,0.09078447349298903
1213,intercept,-1.537784417140275,0.11236343249935031
1214,intercept,-1.394311477155646,0.12522484062847186
1217,intercept,-1.9311203898615315,0.0759768736569695
1218,intercept,-1.9491983641345267,0.09653269969796005
1219,intercept,-1.1898371060832553,0.20277139937471436
1220,intercept,-0.9691564350361458,0.19625920442348233
1221,intercept,-1.0475776803819024,0.20784561635022547
1242,intercept,-1.8556079337537623,0.22909841917871632
1243,intercept,-1.7021840069507346,0.24368902212570354
1244,intercept,-2.084591398322648,0.07675008279366696
1245,intercept,-2.663049434564508,0.04998728672772282
1246,intercept,-2.2897594935706502,0.06356518436150184
1247,intercept,-2.098306900248147,0.07612495001120481
1248,intercept,-2.1659342848733263,0.06355123427917789
1249,intercept,-2.20893332415424,0.06196889531636663
1250,intercept,-2.014192240118189,0.0655318754172539
1251,intercept,-1.8948484184812815,0.07384891483299952
1252,intercept,-1.8845227841312737,0.08461676819522443
1253,intercept,-1.603244263271412,0.09084926005850469
1254,intercept,-1.2079109716545209,0.3677991680808996
1266,intercept,-2.101448056638603,0.0677675047729637
1267,intercept,-2.3287929815924406,0.06345981540457886
1268,intercept,-2.222072422531179,0.06045967987608901
1272,intercept,-1.247222312924365,0.24302980360043014
1285,intercept,-1.2953403642431944,0.13261387084717394
1286,intercept,-1.8110874736146478,0.12151207963619799
1287,intercept,-1.9180163340717666,0.0853690499051186
1289,intercept,-1.6087751953794296,0.11547256824522983
1315,intercept,-1.559749488848369,0.3532173058095219
1317,intercept,-2.6641931907630223,0.049507596120531024
1318,intercept,-2.685456196494784,0.05426123958842039
1319,intercept,-1.8567863826862896,0.07730967613736818
1320,intercept,-1.9517922735997844,0.07047810466361248
1321,intercept,-2.16785793895093,0.0710586122382298
1322,intercept,-1.916267414253212,0.0741085248952273
1334,intercept,-1.7225237663040451,0.07869576896092362
1335,intercept,-1.5376298024092894,0.09252573715897106
1339,intercept,-2.317992694704756,0.06207399951712547
1340,intercept,-2.041919906472466,0.06469246369453872
1352,intercept,-1.4353843558753796,0.10002397302049079
1353,intercept,-2.4919823757448634,0.06948445928579985
1355,intercept,-2.2169734980298346,0.08220731571197328
1356,intercept,-1.9138899928974966,0.08772505533076046
1357,intercept,-1.5216210196263218,0.13957338708331157
1358,intercept,-1.8960388555100043,0.12279909946147899
1387,intercept,-1.9519695567364594,0.0943870996248727
1388,intercept,-2.388550930207604,0.05949018317209864
1389,intercept,-2.6465215542500102,0.05289538591442142
1390,intercept,-2.537385314011231,0.05250704229006151
1391,intercept,-2.137153451212371,0.07078362665427858
1392,intercept,-1.7543750225559358,0.08009913724958398
1393,intercept,-2.2342520494825346,0.07273648822231804
1394,intercept,-1.9855291598734464,0.07652714607754338
1402,intercept,-1.5386136092048874,0.10977823298783652
1404,intercept,-1.9585852951025082,0.07241798657591422
1405,intercept,-1.790422907360543,0.08341407796915391
1412,intercept,-2.053604830040573,0.071075782885804
1413,intercept,-1.3710864879962805,0.1108806168478944
1420,intercept,-2.669991966214218,0.08639008449456272
1421,intercept,-1.774954698157979,0.10702933406060539
1423,intercept,-1.3968827861681248,0.2094051940418303
1424,intercept,-2.328655452396942,0.08293653038372857
1425,intercept,-2.010106802622616,0.08396096383302894
1428,intercept,-2.131731926524703,0.07434413477895352
1429,intercept,-1.7454689719620975,0.09997621053630532
1430,intercept,-1.6642770662568576,0.10308657451454956
1431,intercept,-1.7218971009297233,0.20561141373100383
1458,intercept,-1.9965044359397413,0.0716795271017839
1459,intercept,-2.5611428414213755,0.06211912916659439
1460,intercept,-2.3445155546170673,0.061083803134937824
1461,intercept,-2.1398743461910117,0.08449195584967899
1462,intercept,-2.500152618760067,0.06079497771152298
1463,intercept,-2.443896002270101,0.06903794518218924
1464,intercept,-2.366442997921705,0.0778097307963693
1465,intercept,-1.8149129750537087,0.1959401908560806
1472,intercept,-1.075183664859658,0.27005010037231286
1473,intercept,-1.8564148612557303,0.08541269941202558
1474,intercept,-1.5903738527403934,0.092233388978574
1476,intercept,-1.3288583173588215,0.10537111222013798
1484,intercept,-1.5411951636920231,0.09286815324315656
1485,intercept,-1.8049054432524176,0.11013591236706118
1491,intercept,-1.9712057696788252,0.09252180776960416
1492,intercept,-2.4845370300075746,0.08140370524903968
1493,intercept,-2.3922981193919743,0.10082880822047796
1495,intercept,-1.855221708867941,0.13257606523825782
1496,intercept,-2.136658223463563,0.07563984143362763
1497,intercept,-2.4520961077360544,0.07449174662418954
1498,intercept,-2.125737203416165,0.07080944413596332
1500,intercept,-1.505409505236231,0.13643260927764114
1501,intercept,-2.0475259380104154,0.09937371807777352
1505,intercept,-1.7018724500810822,0.32276449543753016
1517,intercept,-1.3503431660538427,0.19823139591865988
1518,intercept,-1.060385640031892,0.24905248414643694
1527,intercept,-1.3130672880186771,0.11349161841465424
1528,intercept,-2.005288037655915,0.07105111442055315
1529,intercept,-2.1648387337047725,0.06339465078590716
1530,intercept,-2.145687352307673,0.06483704316924929
1531,intercept,-2.5921730632354687,0.06729993559091957
1532,intercept,-2.6395694394334592,0.07521710568733017
1533,intercept,-2.0656414020379223,0.10073482970837969
1534,intercept,-2.1128314398614956,0.1122354778323837
1535,intercept,-2.716376276532519,0.09543534295600645
1536,intercept,-2.795500878932497,0.11619485703199633
1544,intercept,-1.4199259616479005,0.1938526783315454
1545,intercept,-1.431450353435562,0.1037663646253472
1559,intercept,-1.8267315418530112,0.10012445512561022
1560,intercept,-1.6030495740916222,0.14373695840137998
1563,intercept,-2.26745936020543,0.08091845505741709
1564,intercept,-1.8991890383679706,0.08868036209807174
1565,intercept,-1.8485498577600614,0.08752022908809058
1566,intercept,-1.6578254704672528,0.11703898363805527
1568,intercept,-2.2213527085105937,0.06635999495557976
1569,intercept,-2.4110014521426555,0.07019439103023666
1570,intercept,-1.9712201152571118,0.07848395785549336
1573,intercept,-1.5542205200798602,0.10574275344338567
1578,intercept,-1.4250569983263444,0.27257938559949896
1589,intercept,-1.4433876129770387,0.18312570773251577
1598,intercept,-1.9405716857199604,0.10746885349771254
1599,intercept,-2.1042097056737625,0.07497606022761945
1600,intercept,-2.1442158400046547,0.07139693864877007
1601,intercept,-1.9678813497137841,0.06991136468568096
1602,intercept,-1.8962586085341746,0.10257252973952952
1603,intercept,-2.3256493441156403,0.07909440665862107
1604,intercept,-2.3326583655899125,0.08899036402943218
1605,intercept,-2.2495705257836955,0.1043859607278796
1606,intercept,-2.453239816963366,0.11658461504464097
1617,intercept,-1.588272208003934,0.13057566013911084
1618,intercept,-1.3838435384573333,0.136515314647167
1628,intercept,-1.229881927631738,0.16132657372443887
1631,intercept,-2.128760257468826,0.10231901787577738
1632,intercept,-2.07567811058321,0.10100227989064113
1634,intercept,-1.790664350674389,0.09235666841548805
1635,intercept,-1.9402478808266252,0.08950960587361063
1636,intercept,-2.433684184888631,0.08192507894675134
1637,intercept,-2.2935093838224634,0.08746738549133778
1638,intercept,-2.3717601026972868,0.07703917971292457
1639,intercept,-2.342417345162071,0.0649563033548531
1640,intercept,-2.12897164092913,0.062232270190340014
1641,intercept,-2.0934183532438433,0.06547332196608063
1642,intercept,-2.1038714807933423,0.07285225386630563
1643,intercept,-2.5716406025079026,0.07369666289116555
1644,intercept,-2.708337908297296,0.08753648219048107
1645,intercept,-2.9493391397295974,0.07762877082433052
1657,intercept,-1.3185865308941676,0.3960509637875063
1669,intercept,-1.7084159363103506,0.14678889570360074
1670,intercept,-2.242964547190047,0.08263388092214514
1671,intercept,-1.6946829421723657,0.07819267013223104
1672,intercept,-2.1231108863764994,0.07276913679194717
1673,intercept,-2.5263345455462236,0.07551741151737147
1674,intercept,-2.3112459524819817,0.0817333871521513
1675,intercept,-1.8452841208610427,0.09139044333839848
1676,intercept,-2.874574548782263,0.07994626142776695
1677,intercept,-2.425115539376347,0.1032825858109076
1689,intercept,-2.360472169724256,0.13719411811379037
1690,intercept,-2.211724742473688,0.10567258623185745
1699,intercept,-1.915116078217461,0.08640662472987692
1700,intercept,-1.673096810397848,0.09742697370490129
1702,intercept,-2.2459451861102804,0.08616921031395104
1703,intercept,-2.087963970887193,0.10462864233411179
1704,intercept,-2.329466699068828,0.09634685474897466
1705,intercept,-1.3457619768037032,0.16809770637312962
1707,intercept,-1.774484321875454,0.09762616855786095
1708,intercept,-2.5716920860077304,0.06683907953467594
1709,intercept,-2.47962205013435,0.06514530384766591
1710,intercept,-2.3771429847954506,0.05877111996437163
1711,intercept,-2.535301111208333,0.05638930018769889
1712,intercept,-2.0854276025954066,0.05808308814209791
1713,intercept,-2.0892833421276262,0.07272761018715364
1714,intercept,-1.2252654667447525,0.11791805389576929
1716,intercept,-2.1709416218486255,0.08778534656722112
1717,intercept,-3.0141509711465972,0.07953059184592384
1718,intercept,-2.0814423503637567,0.13101730440406067
1740,intercept,-2.0266364246463064,0.08898735390290471
1741,intercept,-2.827000372770679,0.07084007004578233
1742,intercept,-2.492778394979374,0.07237312993142382
1743,intercept,-2.3540394233181536,0.07449536449265518
1744,intercept,-2.3890274550374797,0.07517277613253759
1745,intercept,-2.5864947931631646,0.07947516578674477
1746,intercept,-2.088847723595823,0.08470378658250034
1747,intercept,-2.391277265814283,0.08420873055954754
1748,intercept,-2.5496745669073917,0.08106898868335263
1749,intercept,-2.2792472422077594,0.09202741356253048
1752,intercept,-2.542378151732271,0.10404872907273333
1761,intercept,-1.7031871141126522,0.1740031108968636
1763,intercept,-1.8068798127091599,0.10073170261761998
1764,intercept,-1.7112637257680223,0.10597860282093301
1766,intercept,-1.1494459986531895,0.15474668436987538
1767,intercept,-1.2514522027190287,0.15373594843810773
1771,intercept,-2.080747435201023,0.08700214590508237
1772,intercept,-1.898464486333751,0.08335707816527164
1773,intercept,-1.3235893335130389,0.13193883599975026
1774,intercept,-1.691961477871395,0.10539196854456943
1775,intercept,-1.6928430996127308,0.13085215083193097
1778,intercept,-1.545984298987605,0.14802346338864636
1779,intercept,-2.1823046089829297,0.07343114888090863
1780,intercept,-2.495084521431234,0.0628268318659878
1781,intercept,-1.852391071919681,0.08511647482053471
1784,intercept,-1.4394050212005922,0.121992815111253
1785,intercept,-2.063512609524463,0.07167605211773112
1786,intercept,-2.017124673439851,0.08944555932702791
1787,intercept,-1.6593677089885717,0.09361513799435689
1788,intercept,-1.6273796387990098,0.1011371215974929
1789,intercept,-2.0880197070837996,0.08978474692539021
1790,intercept,-1.6925877750441878,0.12867987025543126
1791,intercept,-1.8870119716225386,0.1136777269722067
1792,intercept,-1.9217901668626078,0.12123493531537817
1812,intercept,-2.878762397986373,0.07633140249938
1813,intercept,-2.498449199338874,0.07792613993291976
1814,intercept,-2.4214677432294094,0.08008793145413477
1815,intercept,-2.6321962257920006,0.0770673767169916
1816,intercept,-2.4623892185014578,0.0791692046818335
1817,intercept,-2.304497832706429,0.08769314478231097
1818,intercept,-2.08928161419107,0.08558327073156277
1819,intercept,-2.1780290300646308,0.08798407273932252
1820,intercept,-2.092345894643776,0.08700220144829723
1821,intercept,-2.518902746105463,0.08356255753041442
1822,intercept,-2.0420209924651638,0.08469239064227004
1830,intercept,-2.374013978707704,0.14256766514707328
1831,intercept,-2.1219238308310198,0.1700746348197439
1835,intercept,-2.431283372043406,0.09047612906787467
1836,intercept,-2.1504299697289193,0.0910222072738842
1837,intercept,-2.012594875977017,0.10776826720759491
1838,intercept,-1.838051125027089,0.10651597081615861
1839,intercept,-1.7623141639034898,0.10354400550194119
1840,intercept,-1.6258375234420643,0.12036040382147511
1841,intercept,-1.840777717349732,0.09840833742546275
1842,intercept,-1.8446568412685598,0.09790296762267461
1843,intercept,-1.7360652688637912,0.09298140248052521
1844,intercept,-1.6638498156398889,0.08978378195896744
1845,intercept,-1.3230883980349342,0.10472574352175482
1846,intercept,-1.6302074020727024,0.0947426602540082
1847,intercept,-1.8403534313642014,0.08796043979969824
1848,intercept,-1.6942555410797966,0.09762907272295786
1856,intercept,-1.351385073220953,0.13370703269690487
1857,intercept,-1.6755469029243084,0.09871790921454576
1860,intercept,-2.294997621069,0.08743995073864685
1861,intercept,-1.7097902654871096,0.09807717025119586
1862,intercept,-2.2818087699684018,0.09915105020701755
1864,intercept,-2.3775831309273254,0.09713960308423582
1865,intercept,-1.9222206650456737,0.11515353211861411
1884,intercept,-2.619073970265401,0.08391865499858242
1885,intercept,-2.394963408702325,0.08936715556120213
1886,intercept,-2.5098813453447546,0.08458264154729403
1887,intercept,-2.485936158365366,0.08190116606418665
1888,intercept,-2.4013634006207107,0.0832059296333534
1889,intercept,-2.2582575891952317,0.08920433924029422
1890,intercept,-2.153122079137175,0.08724816773911787
1891,intercept,-2.4801060149758842,0.08324486456006898
1892,intercept,-2.4733707569800174,0.08113734609883222
1893,intercept,-2.5677736769029447,0.08301988761675923
1894,intercept,-2.8092905656319997,0.0799647441822514
1895,intercept,-2.561090030683586,0.08105142397951243
1896,intercept,-2.4278373163423863,0.09268803292777196
1907,intercept,-2.0190158910569456,0.09640610928836162
1908,intercept,-1.8692766993912895,0.0907798542599273
1909,intercept,-2.0753819879973348,0.09038593020648591
1910,intercept,-1.8090649533858725,0.09935435263947784
1911,intercept,-2.0674060286989326,0.10320339365427525
1912,intercept,-1.715834263925952,0.10298645432101913
1913,intercept,-2.061421628532425,0.09902601861820208
1914,intercept,-1.879027979616888,0.09710686444554427
1915,intercept,-1.6175260964967784,0.09791197000966188
1916,intercept,-1.5559519633124874,0.10363804840615717
1917,intercept,-1.624992998587728,0.09236187579230273
1918,intercept,-1.6974839933647043,0.10897710241246314
1921,intercept,-1.4979930118985858,0.1167442195573465
1922,intercept,-1.1702430358679456,0.12757444206311372
1924,intercept,-1.6953465565365442,0.10174239045437099
1926,intercept,-1.2968101172241882,0.11649215070759594
1932,intercept,-1.9966380070038077,0.08796703918982372
1933,intercept,-1.6055757263614703,0.11787137326145243
1935,intercept,-1.4776088784943449,0.11491184839961784
1937,intercept,-1.9447167425201173,0.11361468287679612
1938,intercept,-1.9291370362921934,0.13091299416456037
1955,intercept,-2.220147206414276,0.10577389691648487
1956,intercept,-2.8354509937695926,0.08224349695231196
1957,intercept,-2.351857510947253,0.09312664057603151
1958,intercept,-2.440938387783068,0.08418219882925235
1959,intercept,-2.151145187933568,0.08821399737644149
1960,intercept,-2.075750465142929,0.08936043242551599
1961,intercept,-2.209355655870969,0.08910672850227923
1962,intercept,-2.2776711396785707,0.08741166703852508
1963,intercept,-2.392297077768265,0.08608321271339803
1964,intercept,-2.2155624416074327,0.08815148925234444
1965,intercept,-2.3827494982710706,0.09237154320100882
1966,intercept,-2.272920892074844,0.09030887516215715
1967,intercept,-2.356838881400799,0.08952029359718894
1968,intercept,-2.5147850562180576,0.09014827637789614
1969,intercept,-2.4142615556507634,0.10561918911743479
1970,intercept,-2.685356988836408,0.09779885983984735
1971,intercept,-1.873829724949915,0.3883938460598532
1979,intercept,-1.6228003119027026,0.11941887854406416
1980,intercept,-1.8525621502373257,0.1096231177200984
1981,intercept,-2.002804726008117,0.10698987810639703
1982,intercept,-2.158596888419253,0.09746315652979014
1983,intercept,-2.0143618870952786,0.10094135827803564
1984,intercept,-1.9036297283890087,0.1034475707078172
1985,intercept,-1.6533077757663397,0.1034072237529425
1986,intercept,-1.6579064617567851,0.10361436032884262
1987,intercept,-1.4928315346233363,0.11628817054351104
1988,intercept,-1.4459915892318302,0.12414390877969665
1998,intercept,-1.3095500602809684,0.11768077934809237
2002,intercept,-1.3946146127753327,0.11829240365768419
2017,intercept,-1.729970689345618,0.23593726099969323
2019,intercept,-1.2677111474931722,0.24496922244428984
2026,intercept,-2.1340166750948417,0.1246815140783705
2027,intercept,-2.043285408654129,0.09995808828581347
2028,intercept,-1.991912132308811,0.09941187895204735
2029,intercept,-2.247863667679601,0.09486368888555655
2030,intercept,-2.243987191448909,0.09254058940705986
2031,intercept,-2.054527925791758,0.0982397242843873
2032,intercept,-2.1922701093174495,0.09461258783529583
2033,intercept,-1.969616252331443,0.09124550832808244
2034,intercept,-2.0323434981419397,0.1059324287695764
2035,intercept,-1.8220188689390442,0.11748909398310473
2036,intercept,-1.3156453283374836,0.11503510264083949
2037,intercept,-1.4431920422601354,0.11814689883908039
2038,intercept,-1.3390680198323937,0.13145804064296643
2039,intercept,-1.8516719909295258,0.10798748218914818
2040,intercept,-1.8531465962330749,0.11248014759686177
2041,intercept,-2.1478507553073825,0.10973621121967732
2050,intercept,-1.6372225899280843,0.1413651715986643
2051,intercept,-2.3654743145109776,0.10964192200424085
2052,intercept,-2.7207607541757546,0.09645634578046182
2053,intercept,-2.6027327896967565,0.09177475409921242
2054,intercept,-2.1869509024544826,0.09701583213768887
2055,intercept,-1.8770979300948918,0.10684307881903002
2056,intercept,-1.6081929931919052,0.10544625300973545
2057,intercept,-1.5891860092170447,0.11208361078112193
2058,intercept,-1.8093515461055774,0.10948580849808354
2059,intercept,-1.5466814549977388,0.11815998116385722
2060,intercept,-1.128049409172645,0.15177042470237767
2064,intercept,-1.0673265763917916,0.16135655233669846
2067,intercept,-1.1470243206559823,0.14190015794069175
2070,intercept,-1.13642332568157,0.11963094788387242
2073,intercept,-1.0237160183023248,0.1489146649172574
2074,intercept,-1.3033537054934883,0.13757852850718738
2084,intercept,-1.1589458882333354,0.18032709856196813
2087,intercept,-1.182267070259536,0.2823974637187019
2088,intercept,-1.5096861600614844,0.31806783089427376
2090,intercept,-2.5757037174702173,0.15721161988881938
2093,intercept,-1.3614773381551648,0.15418226678756514
2094,intercept,-1.8756252299693998,0.1292788927031648
2095,intercept,-1.941143913611677,0.14845127201901726
2097,intercept,-2.232480500954778,0.11126125406014717
2098,intercept,-2.2995479522508084,0.10499094634015488
2099,intercept,-1.8557470930017606,0.11233994040729224
2100,intercept,-1.6957080926760006,0.10209238796415572
2101,intercept,-1.8668650126158606,0.1072528561392773
2102,intercept,-1.893500397871904,0.10469731205332722
2104,intercept,-1.7793057853628595,0.12758816394117867
2105,intercept,-1.8116782422288955,0.12547553625652672
2106,intercept,-2.0828357487467173,0.12727546641941553
2107,intercept,-1.3557900474165823,0.1699063735165273
2123,intercept,-1.8290068247355136,0.1265000354299062
2124,intercept,-2.484377250809123,0.10647240874721076
2126,intercept,-1.9825776790390728,0.10734220677097726
2127,intercept,-2.0683082657206096,0.10154332081519336
2128,intercept,-1.9965970904681025,0.098185233673022565
2129,intercept,-1.7615881318653746,0.11443496382482288
2130,intercept,-1.2687145944702398,0.11752699893605831
2131,intercept,-1.376663991132646,0.1548643451428
2132,intercept,-1.7504400913490974,0.11106023199297542
2133,intercept,-1.3536338546400861,0.15440233918910998
2134,intercept,-1.2664051085372339,0.13366618779454098
2135,intercept,-1.9363548859577369,0.13038275650424605
2137,intercept,-1.2246857800068116,0.12830069453073067
2162,intercept,-2.3993665139114446,0.14073232374282094
2163,intercept,-1.7595555991936849,0.15302779266649597
2164,intercept,-1.7173131467746303,0.145773255115003
2165,intercept,-1.1715589462247373,0.18612530223179624
2166,intercept,-1.9306255084114854,0.1312550680163754
2167,intercept,-2.3180558756087972,0.11039392173429251
2168,intercept,-1.6290628042270148,0.13207125238048226
2169,intercept,-1.9366914851036754,0.11633631731620367
2170,intercept,-1.8646705024975496,0.11963932411178259
2171,intercept,-1.629271146301487,0.11781215709027414
2172,intercept,-1.522927309849845,0.11719107280379838
2173,intercept,-1.482837651541396,0.1252863090971113
2174,intercept,-2.0676952040899756,0.11374039716823497
2178,intercept,-1.4222977682667775,0.2818292714085248
2192,intercept,-2.8974438467229264,0.1356232819207635
2193,intercept,-2.3122724402972463,0.147223857429847
2194,intercept,-1.9699335434110181,0.14722876222958514
2195,intercept,-1.9176494506673394,0.17925202566521858
2196,intercept,-1.7987912579675147,0.1363057431022676
2198,intercept,-1.7572822699948087,0.1225365249346194
2199,intercept,-1.8782464575353235,0.11560075711962642
2200,intercept,-1.6799751852598577,0.10756295017466314
2201,intercept,-2.072793777927285,0.10086503134240496
2202,intercept,-1.8723947597639021,0.11095704267118965
2208,intercept,-1.2346719829525532,0.17522236618722614
2222,intercept,-1.1049167777218314,0.19352440728138975
2235,intercept,-1.5016273625241796,0.18803493191487333
2236,intercept,-1.4844884997658119,0.1759455310560239
2237,intercept,-1.2340493386856748,0.19171087390001157
2238,intercept,-1.6057181375642215,0.15773134386683524
2239,intercept,-1.5064845837470933,0.14219461889833634
2240,intercept,-1.4579982965501452,0.15845611363713
2241,intercept,-1.74468314869596,0.1531436555470083
2242,intercept,-1.4793515123969292,0.16190636565719113
2245,intercept,-1.068162719364822,0.22573460939509232
2247,intercept,-1.3509180214740164,0.24429657583672484
2264,intercept,-1.891370424871783,0.2177181020913425
2265,intercept,-2.700064785389517,0.15775475558922075
2266,intercept,-1.640663211635238,0.2259841543499344
2271,intercept,-1.369398491918031,0.16352106130407695
2272,intercept,-1.7582693057122791,0.13082549354624534
2273,intercept,-1.8583719977358195,0.11571409882805508
2274,intercept,-1.848166188027609,0.1252644976066161
2309,intercept,-2.664582906622986,0.1626544893539229
2310,intercept,-1.516610936261468,0.262171025002464
2311,intercept,-1.872301473770436,0.2407767007095299
2323,intercept,-1.3895552682435048,0.2855564389063138
2325,intercept,-1.1599453542983167,0.30359335886062894
2346,intercept,-1.7974225035211902,0.15817945454044072
2347,intercept,-1.7529650793022407,0.17587978701643336
2366,intercept,-1.1503978608877155,0.24634987063447
2415,intercept,-1.925151061124766,0.34773751338888753
2416,intercept,-1.8316958199953663,0.3617478944347776
2417,intercept,-1.6344114682014035,0.40842583564191637
384,slope,0.011332298221197953,0.11428363734327707
385,slope,0.017398309778647692,0.12238850082847497
526,slope,0.0813495027500376,0.09078536565281746
527,slope,0.04182173689975102,0.0915317765150639
528,slope,0.04561021663322594,0.11488797271678657
529,slope,0.0919206082137923,0.111576498706042
533,slope,0.024778126416334555,0.11916370757861285
574,slope,0.05807835747056882,0.11366688889837213
598,slope,0.12338420168761599,0.08723231842472785
599,slope,0.12141761697393894,0.08682381359345058
646,slope,0.05735170198271969,0.10866408322831902
647,slope,0.06914899546092948,0.1158546435251532
649,slope,0.020873442218740195,0.11070892036890571
670,slope,0.092769880497697,0.0816554067009459
671,slope,0.16671216182070983,0.07798403753053541
672,slope,0.10842224950569551,0.07857743684631391
713,slope,0.08284519944170946,0.10668692596011618
714,slope,-0.01581249767209017,0.09349290745134473
718,slope,0.06511966194786056,0.10960099206628039
719,slope,0.06852193799344425,0.11472132563674603
720,slope,0.0595462261351598,0.11768210099915291
742,slope,0.05487166351420942,0.07701539980593536
743,slope,0.10382149071748162,0.07709958737235466
744,slope,0.05778280518180276,0.07316850485077125
745,slope,0.011672048102446944,0.071091174977023
780,slope,0.0649341234092933,0.10126508532666274
784,slope,-0.11688959449506459,0.07870788402277729
785,slope,0.024257637936298142,0.07376708524828174
786,slope,-0.07705346751526865,0.0707275710077521
787,slope,0.053396721270864936,0.08174443771252517
791,slope,0.03024000423947626,0.11430801186122283
792,slope,0.04267228854203671,0.11109108346930938
814,slope,0.16552212241471784,0.08870818861819821
815,slope,0.09430111744461181,0.07104218044962907
816,slope,0.036160058813495634,0.06696135316407088
817,slope,-0.00429069102499012,0.06629381055584527
818,slope,0.05638941080637178,0.06845643566927677
832,slope,0.14773515687507796,0.07050800029838583
833,slope,0.03254784447608145,0.0632923563407287
834,slope,0.04665280375241185,0.0583404906110196
852,slope,0.017241473821407595,0.08046207317654931
853,slope,-0.08906757141746427,0.07909025923332319
854,slope,-0.0513053229647484,0.08845073892887129
855,slope,-5.877872742523077e-4,0.08622892894511915
856,slope,0.03744054453004931,0.07406463257707441
857,slope,0.014499461946792884,0.07550490982149757
858,slope,-0.034003607202776794,0.07135836233029949
859,slope,-0.042519290758200025,0.07173693958919987
860,slope,0.0563333198330307,0.11331378758114967
863,slope,0.044157481302332706,0.11591539046421832
879,slope,0.08090083980050797,0.11483361880191069
886,slope,0.13974144207479836,0.09014051519064875
887,slope,0.00846940299870591,0.06086552736056683
888,slope,0.020469800340191042,0.06198696580807415
889,slope,0.02604502695120363,0.054852894612396015
890,slope,0.03291257629906634,0.057464644768473336
891,slope,0.016543719218832752,0.05515298072385197
905,slope,0.063751797921460407,0.07326930012941806
906,slope,0.12810190967533916,0.05587997737395098
907,slope,0.096407265931861,0.05409995497379813
910,slope,0.05063452295981218,0.10391894870308509
923,slope,0.06272392079266581,0.08181222975858508
924,slope,0.0921844068828033,0.08264132581499428
925,slope,0.04590204032391566,0.08801021468950587
926,slope,0.052638496067463396,0.10226194604846289
927,slope,0.10519476824298155,0.08353329014973969
928,slope,0.0688358236997112,0.07912088901666664
929,slope,0.10450286369178935,0.07783333104985021
930,slope,0.007484019939223185,0.06899092485549226
931,slope,-0.010726765810222683,0.06593806949287656
934,slope,0.039839770555034903,0.10911022680153172
958,slope,-0.04634420052308843,0.09617365516074321
959,slope,0.01229418690035847,0.0628628712456082
960,slope,0.0722876814226096,0.06376691003006811
961,slope,0.08404222261676472,0.05601656823129161
962,slope,0.010490697580399104,0.059927423589689936
963,slope,0.014792062374743765,0.051958221853644106
964,slope,0.019045917595429906,0.049112838483824944
975,slope,0.10910099370386642,0.07952440661632679
976,slope,0.08516899611913362,0.06639087623618589
978,slope,0.06874725435415396,0.05638053101044637
979,slope,0.07252265329784705,0.05478835828313955
981,slope,0.01725280549617859,0.09387618537864363
982,slope,0.030093270934856267,0.09809893938492567
984,slope,0.05090388373922853,0.10443930435035079
995,slope,0.008647047564445625,0.08369552471928697
996,slope,0.036878702019967576,0.08240605218120942
999,slope,0.07967922075390255,0.08203054707534378
1000,slope,0.0677179339030384,0.08074515877177087
1001,slope,0.06596465167722337,0.0714327919527947
1002,slope,-0.028058210508496544,0.06706596807774998
1003,slope,0.013895275404091344,0.06967617670500552
1006,slope,0.06471149446223645,0.10707035549542633
1009,slope,0.004390148144171185,0.10656953901996202
1010,slope,0.03806363938639122,0.11657849735700017
1030,slope,0.23288836678303673,0.08295059075395776
1031,slope,0.02179190390437024,0.05033331191309021
1032,slope,0.035543156086539254,0.051176931560389896
1033,slope,0.012321586930696557,0.05445689225720666
1034,slope,0.055778331101947784,0.0706844118513368
1035,slope,0.050358299383332375,0.06543199470123005
1036,slope,0.024002085761022807,0.05150489961644842
1037,slope,0.05102420574102152,0.06030713922957911
1047,slope,0.07127266603020732,0.0761008034746937
1048,slope,0.09606514573382657,0.05977481596450174
1049,slope,0.03539277280667688,0.06331136334378311
1050,slope,0.026773299338735252,0.05281128786015333
1051,slope,0.08204117184019699,0.056353884327499854
1052,slope,0.004009942746443769,0.07423323936883927
1054,slope,0.06032718932677251,0.09130913835104824
1069,slope,0.015038758397425694,0.07405049581484986
1070,slope,-0.04739019250615748,0.0750598027364843
1071,slope,0.0010283814971312685,0.07456167381042314
1072,slope,0.006086817936901752,0.07234672388898296
1073,slope,0.016600359717646056,0.07497865213857183
1074,slope,0.11395077590491184,0.07111003583207204
1078,slope,0.044654599574042275,0.10292057116393039
1080,slope,0.07876547949239218,0.09801613503240267
1081,slope,0.01830321809406959,0.11562946006527004
1082,slope,0.04164346725085731,0.11236750889195352
1101,slope,-0.02986974816000166,0.04977243263082472
1102,slope,0.00873273154265764,0.04218872361473381
1103,slope,0.04852458776908634,0.04193520760699488
1105,slope,0.0529709084510824,0.05830348504307054
1107,slope,-0.015017078259121845,0.0584586305646632
1108,slope,0.02704714059212672,0.05628986190115952
1109,slope,0.04568342905404918,0.05506930751422389
1122,slope,0.03397570401062944,0.06881166123598764
1123,slope,0.07244178624801698,0.055418163610525754
1126,slope,0.04126207296473122,0.09648545193047015
1136,slope,0.00596893497229441,0.12262981953543967
1138,slope,0.049610592853069395,0.11186544890746569
1141,slope,0.022240533072212756,0.08691447833412738
1142,slope,0.05846952513078095,0.09170354788305218
1143,slope,0.035174967492248334,0.08150276684114148
1144,slope,0.0741779626853636,0.08314328570345138
1145,slope,0.0654410235108675,0.07825659654357671
1149,slope,0.04778416962109695,0.10860581084032454
1172,slope,0.05813336632084185,0.09649818893221844
1173,slope,-0.03106345623479135,0.03920865088406003
1174,slope,-0.01581381236367614,0.06150434152003394
1175,slope,0.03856141502521267,0.0635319620205531
1176,slope,0.028863194763086613,0.05016441119349106
1177,slope,0.09426682029210848,0.049178568585341476
1178,slope,0.045358821934758285,0.054107831072270754
1179,slope,0.026259923526350325,0.053479255623112724
1180,slope,-0.0020296131142832317,0.0684147304410063
1181,slope,0.03184458105144567,0.05851672004312595
1182,slope,0.04851473387195989,0.07345987345259139
1195,slope,0.06666825677870086,0.061726521139059715
1196,slope,0.07123247659478807,0.04919966813709091
1210,slope,-0.056324667665178886,0.08107256887503868
1211,slope,-0.031344112636866435,0.08411530640730501
1212,slope,0.06747434143621794,0.07750732550809
1213,slope,-0.00697975976263562,0.0800593731932971
1214,slope,-0.004158698521656932,0.08702066032259044
1217,slope,0.0967617569094994,0.06262277176399036
1218,slope,-0.021694649727180458,0.0645435244043658
1219,slope,0.053551967449240824,0.09412980225907044
1220,slope,0.024177795317452885,0.10406337245278545
1221,slope,0.08082406332253617,0.100599760067086
1242,slope,0.06589877812018072,0.09493766002992365
1243,slope,0.04251199097023266,0.09603600417882005
1244,slope,0.050057985044694844,0.060449120685269336
1245,slope,-0.030392077479225024,0.04128451245085119
1246,slope,0.038578925595777476,0.04773863885048345
1247,slope,0.016411311039538766,0.05287886328839077
1248,slope,0.0735024902932171,0.04723415018013364
1249,slope,0.04009558131810427,0.0477500820581306
1250,slope,0.0466192991893704,0.04917540480508413
1251,slope,0.0517159488688175,0.05477663778061024
1252,slope,0.031972563194751086,0.06541162396779018
1253,slope,0.004023688207799164,0.07185652562929795
1254,slope,0.048931737741813607,0.11975524234399254
1266,slope,0.025024096897230768,0.050225973408377915
1267,slope,0.0829454060385261,0.04727542059839344
1268,slope,0.10087594269535177,0.04543757641890421
1272,slope,0.06547516487650097,0.09982091037204835
1285,slope,-0.00918581875630765,0.09494472690182024
1286,slope,0.049313754861444084,0.08557983570323272
1287,slope,0.020173128805722952,0.06349139009680554
1289,slope,0.0940925798269944,0.0784115121874572
1315,slope,0.047581781175432075,0.11271767424407607
1317,slope,-0.017498032688456337,0.03960505911389762
1318,slope,0.007305329350727734,0.04102225531694548
1319,slope,-0.02522855616223702,0.056872668848750106
1320,slope,0.012972787395585193,0.04970966562676215
1321,slope,0.032228300805327396,0.049840580711931697
1322,slope,0.025326356451826446,0.05239484529938193
1334,slope,0.08555746241572951,0.05685794517304697
1335,slope,0.018503497095004894,0.07819643883252171
1339,slope,0.06344578987436694,0.04416044410155795
1340,slope,0.015624873834120067,0.044809952365813796
1352,slope,0.037484845583202454,0.09291090689174719
1353,slope,-0.12057789059441787,0.05682375507572281
1355,slope,-0.010065787756605191,0.07782734075999005
1356,slope,-0.040990675292206014,0.07765797389919482
1357,slope,-0.007934331264835628,0.09228682120921422
1358,slope,0.0472975957988097,0.08806783051361858
1387,slope,-0.015403064730040286,0.0677559842670246
1388,slope,0.07494484429172152,0.04913766565440833
1389,slope,0.08382562217226866,0.04403011520751776
1390,slope,0.0078029428269839295,0.0430942741847338
1391,slope,-0.008920028304754996,0.05380346184714329
1392,slope,-4.113827370201967e-4,0.05593442410474673
1393,slope,-0.02003846279665572,0.04911643703308931
1394,slope,-0.0015540749954829867,0.056413230647634365
1402,slope,0.08485280480457541,0.07649828640941239
1404,slope,0.0743089154107374,0.05588075228822501
1405,slope,0.05809923362973402,0.06178600490174299
1412,slope,0.039422729073363395,0.05106425284182043
1413,slope,0.0618508758441811,0.073438938237654
1420,slope,-0.05424728803512944,0.07380755939837844
1421,slope,-0.008989702481327258,0.07907581170494804
1423,slope,0.04644054272651298,0.11378174581962192
1424,slope,-0.0517388243173637,0.07727491339151359
1425,slope,-0.0021099960503621097,0.0793894315000779
1428,slope,0.0018791327044929609,0.0696062479698468
1429,slope,-0.003494367352646119,0.09009691584282553
1430,slope,-0.045505947342244536,0.09302288303543763
1431,slope,-0.02292180838670138,0.11281516130575554
1458,slope,-0.0014403716691928255,0.06464127533829811
1459,slope,-0.007979581769442003,0.050248866806619524
1460,slope,0.06665627916805811,0.048944046218118334
1461,slope,-0.03674696356615653,0.06153984962697823
1462,slope,0.0220994952196441,0.05122826726368165
1463,slope,0.01562736536874939,0.05545747372738025
1464,slope,0.0394545266632141,0.05867863407239771
1465,slope,-0.04544676277906821,0.1024013010985865
1472,slope,0.12246315403456509,0.10283067320063657
1473,slope,0.08377952694823934,0.059785554967524045
1474,slope,0.0667430872251149,0.06765329732210303
1476,slope,0.054420344709449626,0.07056269326316976
1484,slope,0.01150008079098375,0.06637677724398384
1485,slope,0.10830396139598344,0.08035201621777448
1491,slope,0.05741720921292183,0.0763806650392943
1492,slope,-0.053599224489844687,0.07159551742491707
1493,slope,-0.01627437912809563,0.08346209488917454
1495,slope,0.08738815185029217,0.10080648526861481
1496,slope,-0.07973366380772634,0.07202220356955251
1497,slope,-0.04055759793845095,0.06851129391019177
1498,slope,-0.04572401204598924,0.06831191047592573
1500,slope,0.03144389211234609,0.09219985235428592
1501,slope,-0.06337165232366734,0.08582826516502233
1505,slope,0.019933984185150536,0.11904168311534043
1517,slope,0.0905911696544236,0.1043567149566722
1518,slope,0.06866987364407212,0.11173069516921809
1527,slope,-0.047481918657275766,0.07716244775145291
1528,slope,0.08459364092304864,0.05868364365145876
1529,slope,-0.008739157550586213,0.05375957883089259
1530,slope,0.03479093639714741,0.05588297865083351
1531,slope,0.08355160493701344,0.05323271337118741
1532,slope,0.043406856163764454,0.05812979676001148
1533,slope,0.001046513389109091,0.07190476368175429
1534,slope,0.009920960137714332,0.07811420900745443
1535,slope,-0.01679525348313332,0.06595042089467135
1536,slope,0.013743545224378654,0.07451235320544547
1544,slope,0.15639983708401006,0.10472987444480986
1545,slope,0.08351131957559907,0.07115836514974103
1559,slope,0.014637333496875056,0.07660864837150866
1560,slope,0.03061285238354404,0.08397956141054858
1563,slope,0.038109275145477184,0.07270883630254343
1564,slope,0.02120476989872148,0.07383532815262694
1565,slope,-0.0010811834801549326,0.07516897057774247
1566,slope,-0.007904798254624746,0.08727137022698597
1568,slope,-0.11520094005222065,0.06150120381818544
1569,slope,-0.030421550122209762,0.06806324459826044
1570,slope,-0.005053006041736332,0.06980776409582073
1573,slope,-0.05619573521567444,0.0889130157061503
1578,slope,0.004947546678157812,0.11778984573190542
1589,slope,0.03767312274958158,0.10320891282435486
1598,slope,0.09923234038801929,0.07555286304997795
1599,slope,0.0926839442165765,0.061655164905626336
1600,slope,0.12758762090193462,0.06389533503232284
1601,slope,0.07436963657489307,0.06099145407154684
1602,slope,0.06318248273971697,0.07155262361515423
1603,slope,0.017037402827661686,0.06312417924100201
1604,slope,0.14584404507237642,0.0697180531122165
1605,slope,0.06437313711094311,0.07607932202601303
1606,slope,-0.015596411246730418,0.07707544758380167
1617,slope,0.10376260398281939,0.0977051441567789
1618,slope,0.10199586769021429,0.09216342960219154
1628,slope,0.008169171319485743,0.0987362177138273
1631,slope,-0.019808619001499272,0.07574007978542549
1632,slope,-0.0694886124489528,0.07867811121234684
1634,slope,-0.011194764949821634,0.07755186722376135
1635,slope,0.0072526486635828055,0.07216100356841879
1636,slope,-0.07977620196122581,0.07093628330998701
1637,slope,0.04516620140873867,0.07307544394960784
1638,slope,0.005996213312496123,0.06835412527607954
1639,slope,-0.0041502395317471845,0.06365061992177203
1640,slope,-0.0224315383240853,0.061905296981641725
1641,slope,0.0025401626218835675,0.06684460579768646
1642,slope,-0.08144384065355467,0.06880180242574602
1643,slope,-0.04030808889415379,0.07419816225022875
1644,slope,-0.05025115823598785,0.08288511815763848
1645,slope,-0.28653406297989353,0.07013641150005313
1657,slope,0.04226282941559848,0.12027675218161828
1669,slope,0.0037957635954425986,0.08811062191952994
1670,slope,0.09856400634047596,0.06813639243751568
1671,slope,0.00871824156015673,0.06832723952043915
1672,slope,0.05675508625813128,0.0648313692502663
1673,slope,0.08344457747819245,0.06031348123976306
1674,slope,0.09563367936086603,0.06785188647507485
1675,slope,0.11267638676663022,0.07031560067320836
1676,slope,-0.01125280322249957,0.06243318350081939
1677,slope,0.13072042652101648,0.076009179064329
1689,slope,0.04407162155666264,0.10022409959439454
1690,slope,-0.017171174675939843,0.09369179943229211
1699,slope,-0.08097288595504937,0.07350990798815184
1700,slope,-0.024268315732248247,0.0846809636889319
1702,slope,0.03818574182728243,0.07344597658385948
1703,slope,0.029726779081616757,0.07812972135913256
1704,slope,-0.05296248681422492,0.06963815717431922
1705,slope,0.07388939151595117,0.09808561551235512
1707,slope,-0.03217106473661484,0.07831048212770449
1708,slope,0.0035679876777351006,0.058393962296835494
1709,slope,-0.034285854415350835,0.058049778649793424
1710,slope,0.033214646452627644,0.05749083922582981
1711,slope,-0.017367825204142796,0.0577134407131449
1712,slope,-0.06150036041213466,0.05940517555795093
1713,slope,-0.1042074460769328,0.07179926444058518
1714,slope,-0.01632894111052214,0.0949572894256064
1716,slope,-0.0028162692509768363,0.0831060558932972
1717,slope,-0.1564481295730017,0.07385743321636289
1718,slope,-0.03323481147430559,0.09743131891369268
1740,slope,-0.02725459539215027,0.06631469000834707
1741,slope,-0.12569498593416378,0.057600325206309394
1742,slope,0.01740039953384237,0.06342717314276636
1743,slope,0.018736635026705802,0.06355406091002722
1744,slope,0.08086194666219668,0.06477760874108346
1745,slope,0.09036787940365618,0.06490506229336128
1746,slope,0.033752084831702917,0.06805377707772399
1747,slope,0.0026836640618089994,0.06556459860378326
1748,slope,0.04149106693893177,0.06804079234306891
1749,slope,0.010553143599010106,0.07015296950081848
1752,slope,0.13851366350371694,0.07879134948192587
1761,slope,0.03364049081061776,0.10731642267591159
1763,slope,0.04272844314878037,0.09099525675743508
1764,slope,0.057609125202478406,0.09084257669211167
1766,slope,0.04578584733897538,0.09963843186040813
1767,slope,0.08173620758237984,0.10682874655438845
1771,slope,-0.022505212375838475,0.0779277196560071
1772,slope,-0.040151118954573975,0.07568517732508963
1773,slope,0.04171976634977148,0.09483150649408524
1774,slope,0.029983291064023712,0.0889035266093041
1775,slope,0.05875806872742928,0.0973025858593772
1778,slope,0.06468494547811518,0.0995664758720519
1779,slope,-0.02814664042970961,0.06502782199659364
1780,slope,-0.020127719539691974,0.05833932342960162
1781,slope,-0.05752133018461384,0.07035552094871507
1784,slope,0.03673383348675702,0.09195223202700929
1785,slope,-0.04747071659914027,0.06927068245458828
1786,slope,0.0021530816683479285,0.08873489382637256
1787,slope,0.009789120782972923,0.09172917112874054
1788,slope,-0.0034876301273472146,0.09317600978994851
1789,slope,0.08843495429161011,0.07875051265269452
1790,slope,-0.013609863902893139,0.10261462318167017
1791,slope,-0.005663548525555718,0.09331693718842621
1792,slope,-0.053066573369806615,0.0961274546353037
1812,slope,-0.041875556273172694,0.06487882110299359
1813,slope,-0.04942587480286966,0.06498838257237413
1814,slope,-0.029948318496222544,0.0664997390937555
1815,slope,-0.03890600681071627,0.06447529561477165
1816,slope,0.056701321360474496,0.06358875897276027
1817,slope,0.002611077258478381,0.06613242246483127
1818,slope,-0.04038005795666651,0.06680203241930643
1819,slope,-0.06155522985860896,0.06679770608721385
1820,slope,0.07825109045973525,0.0728074189698892
1821,slope,0.010435953884883225,0.0662312693492794
1822,slope,0.15956476756958743,0.06996999909387507
1830,slope,0.008959098330417048,0.09373291764358245
1831,slope,0.04531473138512612,0.10108789381089608
1835,slope,-0.017738487898526542,0.08000413412641694
1836,slope,-0.06043549837808206,0.08091551392982015
1837,slope,0.02174776268874207,0.0942181455834959
1838,slope,0.09235288979946116,0.09775323417659207
1839,slope,0.07009421340291515,0.0951384630287806
1840,slope,0.014118260598211129,0.09841600286573828
1841,slope,0.04798294422248485,0.09213368089725175
1842,slope,0.030626158375976854,0.08557381462778267
1843,slope,8.049655462324286e-4,0.08759076069199906
1844,slope,0.02188217492793359,0.08778813292729647
1845,slope,0.03981631741983399,0.09120004039250379
1846,slope,0.020886114046251306,0.0848427601415949
1847,slope,0.09058792552743469,0.07923147817397587
1848,slope,0.06829344985879868,0.09005131919219861
1856,slope,0.021021129898860187,0.10115792055954013
1857,slope,-0.008967657994401763,0.08689780632697283
1860,slope,-0.04435555867139055,0.08223979697313161
1861,slope,-0.002307802340095519,0.0866355273038553
1862,slope,-0.13886397585796872,0.08504429799135871
1864,slope,-0.0534931522571255,0.08891807104398869
1865,slope,-0.01784533345802737,0.09599103318411353
1884,slope,-0.08325189851200526,0.06708561393841979
1885,slope,-0.2026460721674556,0.07000046030370628
1886,slope,-0.15056504938560467,0.0660833416150466
1887,slope,-0.005203839829323143,0.06690248430594965
1888,slope,0.09295349427978958,0.0682811162257571
1889,slope,-0.016472000842619287,0.06962881138770613
1890,slope,-0.05394447111313554,0.07127357792238191
1891,slope,0.08064139104103277,0.06630570468718973
1892,slope,0.10203392592610469,0.06802285333297804
1893,slope,0.0288249662196002,0.06815510262190456
1894,slope,-0.050282492444633904,0.06337470833271876
1895,slope,0.03364809901871869,0.06815501277272386
1896,slope,0.03539290926481263,0.07509163614506767
1907,slope,-0.012503642781704353,0.08012619762385843
1908,slope,0.021300280337047624,0.08526196625316193
1909,slope,-0.14962793551231302,0.0805343322223177
1910,slope,0.023441780477261007,0.0943958503214653
1911,slope,-0.007700351499725887,0.08653253426977038
1912,slope,0.005300295650051863,0.09128711954685802
1913,slope,-0.009852605891267713,0.08485212057352746
1914,slope,0.04455074680200578,0.08754451784998477
1915,slope,-0.03541074969081362,0.08902944253302786
1916,slope,0.0018190783667183727,0.0883853149569175
1917,slope,0.08121542115182848,0.08532580537374942
1918,slope,0.05951625507624184,0.09062567646745193
1921,slope,0.013585780603070308,0.08896138641775111
1922,slope,0.034641489408102584,0.10054766028958276
1924,slope,-0.024901707338600608,0.08063301176327026
1926,slope,-0.007515882540073605,0.09184641519299598
1932,slope,-0.025084557823355252,0.08345897704002671
1933,slope,-0.007537139430568114,0.09495103415906014
1935,slope,-0.01819233070835042,0.09519526445083716
1937,slope,-0.057577597025763046,0.096563410262136
1938,slope,-0.008087523544820733,0.10166317176642206
1955,slope,-0.1402800659583547,0.07848093881128661
1956,slope,-0.19134850943508644,0.06395838511859885
1957,slope,-0.07764086495725436,0.07312150203303788
1958,slope,-0.13053405916776684,0.06943827300499253
1959,slope,0.018673601107400767,0.06828446738038622
1960,slope,0.014048270678237608,0.0666299271517158
1961,slope,-0.0034989559751797475,0.06822508816138384
1962,slope,-0.02956960748287478,0.06871794143538767
1963,slope,0.03663916805485709,0.06901851355344274
1964,slope,-0.01726500348716538,0.06908933936497696
1965,slope,0.030732341754232857,0.07181830072317225
1966,slope,0.05013320127739176,0.07110856909499208
1967,slope,-0.06358148651418219,0.07133667614536784
1968,slope,0.05348863842492591,0.0721619666340675
1969,slope,-0.056623838289880206,0.08173045640600131
1970,slope,-0.05743113628112242,0.07264429707072557
1971,slope,0.022206540741837644,0.1187715375489099
1979,slope,0.020551126174406072,0.09632385588890292
1980,slope,0.09477984233625353,0.09561231289749011
1981,slope,0.023809514232132643,0.09397776645211076
1982,slope,-0.02864397698828256,0.09200736370645392
1983,slope,-0.012697622253797527,0.09012267092272928
1984,slope,0.012338055101448732,0.09377387604260598
1985,slope,-0.0033746494228087884,0.09227676614764115
1986,slope,-0.023536799489043844,0.08994974384123168
1987,slope,-0.004254785627339098,0.09018866467394125
1988,slope,0.021210786060001104,0.09650488322029743
1998,slope,0.03793531886508571,0.09176678870414061
2002,slope,0.013338122683351963,0.09268761884503954
2017,slope,0.03957857426692557,0.11538932291891246
2019,slope,0.03465882961178074,0.11832158643161923
2026,slope,-0.09519826034161419,0.09256330081037048
2027,slope,-0.11285573789365355,0.07233076857400174
2028,slope,-0.02826906119635314,0.07782077790256009
2029,slope,-0.08401205766670991,0.07324923547165717
2030,slope,-0.10553162579536668,0.07187876662060141
2031,slope,-0.02003771217007693,0.0718665062494165
2032,slope,-0.04736314094361823,0.07066675168757326
2033,slope,0.013085414647351686,0.07388850724843167
2034,slope,-0.09337592838269373,0.0782476902055937
2035,slope,-0.0943463398685471,0.08778725473720136
2036,slope,-0.004406757714981075,0.0860141731270313
2037,slope,-0.03776213484171014,0.09179240674091628
2038,slope,-0.08239343651180045,0.09863470219767133
2039,slope,-0.11711904259796221,0.08026446725085
2040,slope,-0.11313865434972001,0.08194463749288579
2041,slope,-0.05100847080376527,0.0842895342053483
2050,slope,-0.005562247739731189,0.10937018700555243
2051,slope,-0.07491992918591253,0.09496593127000788
2052,slope,-0.12251524018547605,0.0921231298595218
2053,slope,-0.028339398646994918,0.08815402939166975
2054,slope,0.037244174507603214,0.09519236189213885
2055,slope,-0.07895718743011698,0.08948834721225328
2056,slope,0.03538539319363289,0.09751860488475021
2057,slope,0.0182976479179706,0.09836307497953155
2058,slope,0.025740228921969942,0.09820055441463603
2059,slope,0.015878615655574208,0.1002060646314911
2060,slope,0.016393026569455012,0.10177569249598885
2064,slope,0.03959912280490291,0.11110708339318588
2067,slope,0.054762015444327815,0.09317339671372726
2070,slope,0.022036055732081245,0.09862118418555488
2073,slope,0.045328642907315225,0.09983180125966969
2074,slope,0.03640685674504902,0.09938574056556256
2084,slope,0.019689526416048965,0.10782363351389115
2087,slope,0.06472838964201884,0.10953936773134722
2088,slope,0.058358177782851094,0.12389332545066752
2090,slope,0.07591677958974755,0.10720905409039008
2093,slope,0.013513190383539707,0.10650716736336155
2094,slope,-0.032424184008239244,0.10199976878939421
2095,slope,0.056915058247934865,0.1077467059532976
2097,slope,-0.126960743175792,0.08784619798333569
2098,slope,-0.06922228681949974,0.0817305782024157
2099,slope,0.015772982768260307,0.08875522288810356
2100,slope,0.06278896202850995,0.08408883013310488
2101,slope,0.04081183272534526,0.08419783089184543
2102,slope,-0.002432327801989924,0.08349586840822464
2104,slope,-0.054164424542725,0.09374537137909202
2105,slope,-0.10094052827513783,0.09328023224185537
2106,slope,0.03327587610063458,0.09653482464749615
2107,slope,0.03190530515842147,0.11556953761359273
2123,slope,-0.1251081198827359,0.0996453471832465
2124,slope,-0.1109436791996195,0.09373955515047572
2126,slope,0.03938867736039748,0.09403571393900606
2127,slope,0.00767330259186543,0.09225347549628203
2128,slope,-0.011868958235603827,0.09607397919317653
2129,slope,0.004832131625360567,0.09532784269328445
2130,slope,0.028820137527360717,0.10134038548312196
2131,slope,0.023693946349276997,0.10627237331095701
2132,slope,-0.05776215320460514,0.0952287490995704
2133,slope,0.031084178478247758,0.10712958646379073
2134,slope,0.03349089750244591,0.10153193788240941
2135,slope,-7.314803421390355e-4,0.10175839476380193
2137,slope,0.03473940535864392,0.09604336320328284
2162,slope,0.0022233569494480698,0.10374374729174386
2163,slope,0.046847388063697135,0.10652001830158694
2164,slope,-0.03026317010235298,0.10445451691781017
2165,slope,0.03412180686504957,0.1163164250173131
2166,slope,-0.0849979843100708,0.10055093573395758
2167,slope,-0.17913635404420736,0.08759036213182107
2168,slope,0.0028185499147887812,0.09400445589817502
2169,slope,0.03661546642484481,0.09789054183023982
2170,slope,-0.05375303952826801,0.09419014107328255
2171,slope,-0.06111672636648167,0.09246605799588169
2172,slope,0.059696738754119606,0.0898104185562774
2173,slope,-0.02280868491748042,0.09200991151755723
2174,slope,-0.03311617319455331,0.09170337461083464
2178,slope,0.04657016212497983,0.11796656743399717
2192,slope,-0.016642241299125574,0.09902233468431827
2193,slope,0.010943879142194347,0.10191219223617615
2194,slope,-0.04259573185172355,0.10545762224932091
2195,slope,0.025384588604258636,0.10654856754477134
2196,slope,0.03531931993038068,0.10310377116727558
2198,slope,0.00996083280259552,0.09833132174678876
2199,slope,0.019200987950514448,0.09653418159221326
2200,slope,0.044627953183060225,0.09510898742720984
2201,slope,0.02660706332046179,0.09429177125352335
2202,slope,-0.04276808227652854,0.09338954315611529
2208,slope,0.03257757043140166,0.11081848473398616
2222,slope,0.08037004770155157,0.11036427522594021
2235,slope,0.023285204463748144,0.11107125443805478
2236,slope,0.04750251250058733,0.11011906563387361
2237,slope,0.008577635720556604,0.11044585730390055
2238,slope,0.015028612658981963,0.11057058247732747
2239,slope,-0.032325750730748795,0.10721236741038885
2240,slope,-0.018034133595881775,0.11276754180766833
2241,slope,0.018684424086404326,0.10954543205741582
2242,slope,0.037177685672068174,0.1155439565315965
2245,slope,0.05382606378744869,0.11828459562120663
2247,slope,0.08907770601508291,0.11707607477074314
2264,slope,0.02152546148759612,0.11586969588215612
2265,slope,-0.08075689316033621,0.10999922761736201
2266,slope,0.0106462344115647,0.11544942603028603
2271,slope,0.03810978045673442,0.106402377775916
2272,slope,0.08620798018484871,0.10190067233803982
2273,slope,0.11101015862187064,0.09791365728094292
2274,slope,0.09320448394846245,0.09994490754292644
2309,slope,0.05054228341869659,0.11117352788792699
2310,slope,0.07468112268848077,0.11277939082527232
2311,slope,0.059446794221156264,0.11159600962067699
2323,slope,0.0665347478571374,0.11197606675557474
2325,slope,0.06855824553549172,0.11582572586949068
2346,slope,0.06400931464154376,0.10478954541680974
2347,slope,-0.023140198281381565,0.10494639528356929
2366,slope,0.047895574900486064,0.11932186750875506
2415,slope,0.036923027680771756,0.1114198561490645
2416,slope,0.04720322888123489,0.11667270642367392
2417,slope,0.04874688358017521,0.1184996980571148
